Id,NAME,GENDER,SPECIALITY,UTILIZATION
00ee4e35-24db-34ae-8dc7-671a3334e674,Hunter736 McLaughlin530,M,GENERAL PRACTICE,28
013675fa-ab58-3681-978c-4491cac7420d,Sonia106 Hirthe744,F,OPTOMETRY,0
01ceba1f-f0d8-34fe-9097-1021d77c38c6,Eloy929 Murazik203,M,GENERAL PRACTICE,60
01d8c4e1-c711-3262-8484-cb83d9a364ac,Tula326 Paucek755,F,INTERNAL MEDICINE,0
0209980c-ae5d-3a4d-ad53-ba1802529749,Gracia333 Johnson679,F,PHYSICIAN ASSISTANT,0
02324944-b934-3d22-be33-f800570a96e1,Phil587 Goyette777,M,ORTHOPEDIC SURGERY,0
025ef49c-0eea-3922-bf63-b91dbf7a31c4,France571 Ferry570,F,GENERAL PRACTICE,8
0297be99-0b5f-3453-bc5e-432103246066,Wanda961 Muller251,F,GENERAL PRACTICE,58
02c5d09c-1444-376e-8738-f924b6a79ef1,Regena252 Kunde533,F,GENERAL PRACTICE,276
02e8ffa8-4215-3878-ac35-2dfdd56f99cb,Rogelio17 Cassin499,M,ORTHOPEDIC SURGERY,0
03149e83-cbcd-3eca-aba8-1c0942ae074a,Arlen68 Nitzsche158,M,GENERAL PRACTICE,9
0328ebed-9e0e-3a6b-a152-fde813161da9,Andrea7 Lueilwitz711,F,OPTOMETRY,0
033fd413-31ce-32d2-b5bf-4ad28ea4e72b,Pilar644 Mesa630,F,FAMILY PRACTICE,0
03b8f31c-073b-38ac-acef-f5726878d59c,Adan632 Leuschke194,M,INTERNAL MEDICINE,0
03bbf6dd-cb84-3b11-b94d-3ade76f579f3,Ken316 Carter549,M,INTERNAL MEDICINE,0
053b45b2-16d1-31b0-a50b-50422adfc2df,Norman647 O'Hara248,F,CLINICAL SOCIAL WORKER,0
05697f0f-cc72-3ace-b73b-ec6a470dcd29,Erma609 Hintz995,F,CLINICAL PSYCHOLOGIST,0
05bff9b3-3764-3551-9d63-7cba331fef7a,Orville751 Balistreri607,M,NURSE PRACTITIONER,0
05c658f9-34f1-3909-b03e-c396ec6a6e7b,Machelle279 Harber290,F,INTERNAL MEDICINE,0
069af238-e074-30a4-8d04-f5b62999f247,Lauretta754 Welch179,F,ORTHOPEDIC SURGERY,0
06aa549f-3e57-3180-ab94-815e2aff1537,Silvia880 Valle770,F,GENERAL PRACTICE,17
06d09b54-7ff0-3ba5-b428-fa099fda9a30,Jamey282 Bailey598,M,GENERAL PRACTICE,12
07059104-9092-33d8-9ee6-a7c4c1e3667f,Mose244 Marks830,M,EMERGENCY MEDICINE,0
0735e72e-4fc6-3bf9-b4ca-d25819d5e06f,Martha161 Ledner144,F,OPTOMETRY,0
0766a717-21b3-3f3d-a683-bdaf1bfaa1e2,Emil691 McLaughlin530,M,FAMILY PRACTICE,0
07b7abd4-e1a7-3118-ac71-eab0348453d3,Tinisha932 Balistreri607,F,PHYSICIAN ASSISTANT,0
07d7601e-3cba-351d-8394-84fef0f2347e,Carletta836 Barton704,F,OPTOMETRY,0
084612c6-4194-342a-8ca7-35704d6f2f01,Cyril535 Gulgowski816,M,GENERAL PRACTICE,5
0854af91-d711-33ca-b9f0-c49b75477645,Loura465 Ankunding277,F,GENERAL PRACTICE,60
0899dcd3-81a0-38a1-85b6-b5b1b3ec98f3,Ellan282 Jacobi462,F,GENERAL PRACTICE,509
0a374966-302a-357d-b7d7-a532cc90a20c,Dorothea248 Runolfsdottir785,F,FAMILY PRACTICE,0
0acfdbea-bbc2-384b-a539-d9e28797cd20,Grover559 Spencer878,M,GENERAL PRACTICE,79
0b84384f-9363-3f32-937c-658aae9cbbba,Oda116 Wolf938,F,INTERNAL MEDICINE,0
0ba4f7ac-6d77-3f20-814b-564db69c2edd,Emogene884 Jast432,F,GENERAL PRACTICE,1
0bb47a4d-4620-3607-9efc-7f17e59b3f5e,Quintin944 Aufderhar910,M,GENERAL PRACTICE,48
0bda84fc-a8f1-3fb1-a618-0ae5010f38b1,Lucia634 Segura601,F,CLINICAL PSYCHOLOGIST,0
0be7ec5b-0343-3f97-a7fb-0cb7a2173951,Filiberto722 Sawayn19,M,GENERAL PRACTICE,60
0e24e529-3950-3e77-ba77-4f58e79393d3,Reina25 Melgar516,F,CLINICAL NURSE SPECIALIST,0
0e5d4269-9ca6-3e24-8f0c-96263cd1553c,Roscoe437 Greenholt190,M,GENERAL PRACTICE,53
0e617244-e1b2-393e-99d3-907a6d0920a5,Forrest301 Schumm995,M,GENERAL PRACTICE,71
0e87dcc1-d7ab-3d6f-8d0e-0de55a19e50e,Darrin898 Runolfsson901,M,RHEUMATOLOGY,0
0e894c4d-4b22-3b32-b77f-7008e96349bb,Genaro214 Schinner682,M,CLINICAL SOCIAL WORKER,0
0e89f1e3-ca6f-38d4-a7ca-a07c6cd069b4,Rocio28 Arguello39,F,CLINICAL SOCIAL WORKER,0
0ecf6aa4-bea4-343f-91eb-3da298f40d9f,Jayson808 Olson653,M,RHEUMATOLOGY,0
0ed003aa-b8e2-3d3c-8719-232ebc0d3807,Katherine209 Hartmann983,F,CHIROPRACTIC,0
0eeb49b7-2431-3e2e-a878-e154a1ceed33,Kristian973 Koss676,F,PSYCHIATRY,0
0f5043d9-97e5-3ba3-9a29-89c792e1feaf,Lazaro919 Veum823,M,GENERAL PRACTICE,65
0f8d9b41-9258-30aa-bc2d-ddf858af0bfa,Saturnina961 Treutel973,F,GENERAL PRACTICE,17
0faac87d-014e-3865-b1a1-f3c71ddfec75,Lady554 Mohr916,F,GENERAL PRACTICE,72
0fca61a1-9152-3073-89f0-01a41ad156e4,Timothy142 Beatty507,M,PHYSICAL THERAPY,0
10688533-9fde-36f5-af62-83895fd4e667,Raquel318 Ruelas156,F,GENERAL PRACTICE,2
10ad3ed6-3544-3091-8639-99f3ef9347f2,Thaddeus38 Emard19,M,NURSE PRACTITIONER,0
1127388f-0dcb-3fbb-af69-3713b5560979,Neal874 Schamberger479,M,GENERAL PRACTICE,48
11c08f22-37be-3eb5-887e-c1c92488b0ed,Lilian665 Schiller186,F,FAMILY PRACTICE,0
123729f3-7fd2-3881-aa72-691c72fbe4fd,Andy346 Powlowski563,M,INTERNAL MEDICINE,0
1268db0f-9e42-3cd6-a4d1-370f6ea99345,Chia293 Orn563,F,PSYCHIATRY,0
13b0803b-a834-306c-9910-f58edfab75d2,Bradley693 Kuhic920,M,INTERNAL MEDICINE,0
14680b54-7880-32e3-935a-d18597b3aacc,Andy346 Powlowski563,M,GENERAL PRACTICE,79
15175f2c-b2fc-3b8f-a964-2c5100e548c7,Man114 Kuhic920,M,GENERAL PRACTICE,20
15620a80-93c3-37fd-b09d-cfbff5312807,Leeanna836 Kris249,F,RHEUMATOLOGY,0
166623c0-856d-3bff-9aab-713d60460e70,Linette249 Raynor401,F,INTERNAL MEDICINE,0
1677ea7a-1e87-3458-ae99-74330131eac3,Amos720 Jacobson885,M,GENERAL PRACTICE,29
172f5d84-24f1-3733-b58d-e4d96660bdab,Diego848 Tromp100,M,OPTOMETRY,0
1763fcd2-a713-391a-a555-ff51b54d9685,Derek111 DuBuque211,M,CLINICAL SOCIAL WORKER,0
17a2cfe5-d987-377d-9fb8-27e26bdcebaa,Erlinda993 Ankunding277,F,GENERAL PRACTICE,7
17b80081-c47b-3875-943c-2b745a591472,Santiago500 Ocasio180,M,GENERAL PRACTICE,2
181cde90-12c4-3347-88e0-6152a08db7cb,Else33 Beer512,F,GENERAL PRACTICE,23
1878b8cb-9c9c-32c8-9b77-fe3bcbef20f3,Tula326 Paucek755,F,RHEUMATOLOGY,0
1889224f-6d4f-3409-ae7b-d2eb8b653364,Von197 Hills818,M,CHIROPRACTIC,0
19ea6ba0-f914-3203-9cea-23e21380c17f,Lavonia8 Williamson769,F,CHIROPRACTIC,0
1a61f96f-beea-3adf-94a4-c9f6b80d707b,Luigi346 Bernier607,M,CLINICAL SOCIAL WORKER,0
1a95ef11-3077-3cd4-8421-4ddb9cc33713,Heath320 Tremblay80,M,CLINICAL PSYCHOLOGIST,0
1b3718fe-e129-387d-843a-153e1017f7f0,Freeman822 Schulist381,M,CLINICAL SOCIAL WORKER,0
1b5ecdc5-85d1-3707-942c-13b9419c9194,Quinn173 Gusikowski974,F,GENERAL PRACTICE,41
1c26ab43-2230-3040-aed3-ed9cad10376a,Rex53 Quitzon246,M,GENERAL PRACTICE,26
1cc8c586-3000-34f7-a179-23a4259819a0,Lewis216 Hagenes547,M,PHYSICAL THERAPY,0
1d29ea19-d428-31af-a0e3-4d38942f1291,Stanton715 Koss676,M,PULMONARY DISEASE,0
1e3ddb44-9cd3-3eb5-8a22-84dcefe59ab0,Nick779 Heathcote539,M,GENERAL PRACTICE,1
1fde78a2-70a0-31d6-ba43-bcc4441acf9e,Danilo179 Lynch190,M,GENERAL PRACTICE,2
20d0fff9-21fc-3275-b369-422555894706,Sergio619 Runolfsdottir785,M,GENERAL PRACTICE,37
215c60ea-c471-37a3-8b53-e146b61d4f42,Ronda430 Runolfsson901,F,GENERAL PRACTICE,14
21a92102-da56-38aa-a2e2-0614533fc6d9,Jermaine675 Balistreri607,M,GENERAL PRACTICE,36
21bd10d2-43f0-39a1-be74-b830b6b0d835,Devon268 Paucek755,M,GENERAL PRACTICE,28
21e5b5a3-e423-3f47-afd8-2b225222bbb4,Dale454 Beier427,M,OPTOMETRY,0
22e31cd9-323c-3c58-9db6-7477e3226958,Danny396 Carroll471,M,GENERAL PRACTICE,25
22e8b058-36a4-3ca7-872f-3e48cae57c1b,Erna640 Wolff180,F,CLINICAL NURSE SPECIALIST,0
22f047be-2a4b-3246-b198-574871827119,Isaac321 Gaylord332,M,FAMILY PRACTICE,0
22f4d925-52c4-3b4d-a858-f9b61fb914d5,Armando772 Lehner980,M,OPHTHALMOLOGY,0
24990fcc-28fb-3cb1-b975-71673d883d2b,Jodie811 Wintheiser220,F,GENERAL PRACTICE,392
24a6a3d6-e03f-3d8f-8939-5efe704fe84b,Stacy406 Goyette777,F,FAMILY PRACTICE,0
25f26e39-9e7a-30f1-835f-52ebd11e21a3,Sammy219 Paucek755,F,GENERAL PRACTICE,8
2614decb-b65b-331f-ae45-ef6afe5137fe,Rocco842 Ebert178,M,GENERAL PRACTICE,2
26167cb9-1fb1-364a-9860-9aec594714a7,Celina578 Koelpin146,F,GENERAL PRACTICE,14
261b0517-2b36-37cd-b7ff-9fdeeb7dc676,Arden380 Glover433,M,CLINICAL PSYCHOLOGIST,0
2661e1c8-9424-3de4-a3f3-72e1cd1959e4,Dakota806 Kirlin939,F,PHYSICAL THERAPY,0
277f782c-15f4-3258-83bd-d55ac553958f,Nathaniel596 Crona259,M,CHIROPRACTIC,0
27c34dfd-fa98-3b90-a8f1-434cdaf46c3c,Edward499 Schmitt836,M,GENERAL PRACTICE,2
28337745-a880-3bd1-96bc-fd79a1af0792,Wanda961 Wilkinson796,F,CLINICAL NURSE SPECIALIST,0
28926b0e-8232-3f67-b1a8-c45a830534f3,Jae222 Hoeger474,M,OPTOMETRY,0
28c657b0-d5a7-3cde-9754-03483fc9a30e,Raeann749 Schinner682,F,PSYCHIATRY,0
28c9b74d-ed31-3608-b4e6-c376dde8e780,Windy313 Koepp521,F,GENERAL PRACTICE,3
2a09fb58-2040-31ad-adcf-109f52e533a5,Deb577 Skiles927,F,GENERAL PRACTICE,28
2a2860f3-2e81-37e2-9203-cd68d6f746d6,Elinore878 Mosciski958,F,GENERAL PRACTICE,234
2a6efb5e-b89b-39dd-817d-97d15249d32f,Yolanda648 Salcedo309,F,GENERAL PRACTICE,1
2b99c880-3a50-3f07-884b-0c9e4513d9be,Lindsey52 Barton704,F,EMERGENCY MEDICINE,0
2ce8a200-66bc-3678-a9a9-39145f53016a,Marvin195 Reichert620,M,GENERAL PRACTICE,1
2d1b71d0-3413-3a7c-8a02-8bb1785bb1a3,Gloria696 Montaño969,F,ORAL SURGERY,0
2e002e6b-d52d-34e6-8185-9d5ecee7a002,Genaro214 Dach178,M,GENERAL PRACTICE,8
2e3f2ea8-da89-3314-be9e-80373dc7d942,Gustavo235 Alfaro627,M,GENERAL PRACTICE,91
2e426c64-f27b-3e63-86c3-0659a75bdfe3,Shauna908 Bayer639,F,GENERAL PRACTICE,89
2ecd81d0-4b0b-3b50-ab8c-c59f595d51ad,María José279 Mireles421,F,GENERAL PRACTICE,5
2f2c3cab-e135-38af-af8e-19078c827c47,Stanley702 Langosh790,M,GENERAL PRACTICE,209
309214ce-b247-31c8-9a17-946d3e10c677,Octavio643 Schaefer657,M,GENERAL PRACTICE,584
309fcd6a-d9af-3eb7-bde8-bc3d5e523f6b,Blair400 Borer986,M,EMERGENCY MEDICINE,0
30e4d0ae-381f-3695-9f32-74c13c9cc96d,Dorie139 Hoppe518,F,GENERAL PRACTICE,3
312fe472-f764-360d-b055-f9ce46f13939,Marcelene872 Mayert710,F,GENERAL PRACTICE,31
31847e7d-cd71-3381-b794-50bd25c20254,Alejandra902 Suárez24,F,EMERGENCY MEDICINE,0
320d8af3-5f2a-3edd-9d69-811d0bc34e2f,Carroll471 Bailey598,M,GENERAL PRACTICE,73
32299b97-87a7-3e02-9963-7214622be482,Sancho742 Trejo396,M,OPTOMETRY,0
32e9e932-0854-31f3-b461-d9accb04322c,Sharee66 Harris789,F,GENERAL PRACTICE,37
335d6903-4ad2-3e11-ac11-8f8f7ce151d8,Drew592 Kutch271,M,GENERAL PRACTICE,27
338964d7-5a66-329c-ac90-9af7444d4faa,Jude172 Glover433,F,GENERAL PRACTICE,1
33e4d102-f070-3806-b73f-4afd2ad90013,Dominick530 Thompson596,M,PHYSICIAN ASSISTANT,0
34d3adc4-1733-36ed-a2a3-bd12fb834efe,Katharine125 Carter549,F,INTERNAL MEDICINE,0
3697d359-a72a-303d-b1f6-96b7f19c60a4,Luther918 Marvin195,M,GENERAL PRACTICE,25
3813d74e-6c03-3003-a06c-3bce30f47d18,Victoria535 Ullrich385,F,EMERGENCY MEDICINE,0
39b73974-c8b4-38de-a8c6-2d48713318fc,Laquita685 Larkin917,F,CHIROPRACTIC,0
39e5db8d-13cd-3484-b390-ced79b4cc733,Tess185 Doyle959,F,GENERAL PRACTICE,60
3a52f795-c787-3b25-b817-a4fa67e82287,Cicely661 Zulauf375,F,OPTOMETRY,0
3bc3fb21-1b54-3d4d-8e0f-50c0fbcf3f1d,Joanna347 Raynor401,F,GENERAL PRACTICE,70
3be1abab-6a6a-39c4-9e0f-67f59cebe13d,Mari763 Huels583,F,GENERAL PRACTICE,1
3bfd1c5c-c7cb-397f-a305-36429ff09a6e,Vickey217 Stracke611,F,CLINICAL SOCIAL WORKER,0
3c3000f0-8ccc-3c02-909a-cb16ab29b503,Raul814 Prosacco716,M,OPTOMETRY,0
3c4cff14-e262-3bbd-b943-ce18bb42f72f,Marion502 Gutkowski940,F,INTERNAL MEDICINE,0
3ce4df1c-6f85-3544-94b3-e2cf454041ea,Dorsey40 Stehr398,M,GENERAL PRACTICE,47
3d900a37-7651-3b14-903a-45dc40fcdc2b,Theo630 Adams676,M,CLINICAL SOCIAL WORKER,0
3db94452-99f8-388c-8637-c3af1d5d4331,Jeramy610 Zemlak964,M,GENERAL PRACTICE,7
3e0a3de7-9256-3ade-8183-43753e87f51f,Toby274 Terry864,F,CLINICAL SOCIAL WORKER,0
3f4d19c8-85ff-3172-89dc-edd9f7a07030,Alonso270 Parker433,M,CLINICAL NURSE SPECIALIST,0
402b5153-b910-3b51-abd1-e91d2d29c2a2,Kemberly945 Hagenes547,F,CLINICAL PSYCHOLOGIST,0
406201c4-f3e8-3f78-b9f3-2f4953295a61,Mac103 Upton904,M,GENERAL PRACTICE,33
40db41dd-afbe-36d5-a44f-96f7e36dbb26,Aracelis412 Von197,F,GENERAL PRACTICE,269
41360e6c-b26e-3182-ac75-9eee967270cb,Elenor843 Ryan260,F,CLINICAL SOCIAL WORKER,0
41d953dc-3ca5-33fa-9b8d-7a57b41a2d0b,Leigh689 Rutherford999,M,GENERAL PRACTICE,335
4293de3f-eb1d-306c-af90-5927b5ddf55a,Damon455 Hauck852,M,INTERNAL MEDICINE,0
43282bd3-f03a-3108-8729-ffa74a012ab8,Yoshiko258 Von197,F,GENERAL PRACTICE,59
433c63f9-1829-30fd-b557-0ff539f91df7,Adam631 Walter473,M,GENERAL PRACTICE,3
435cf205-24f7-3b77-91f6-07c4a4e44183,Emil691 Schoen8,M,GENERAL PRACTICE,82
435fb2c0-cc30-3b77-a322-530419ab9190,Kemberly945 Medhurst46,F,PHYSICAL THERAPY,0
43ed045b-1af9-3c86-bc13-79dc5bb30f4f,Pia232 Doyle959,F,GENERAL PRACTICE,32
441f7205-1c34-32e2-bd18-83d0d6188189,Jonah176 Shields502,M,CHIROPRACTIC,0
4422276f-44ed-3ceb-995e-4dbf682b0687,Terina405 Willms744,F,OBSTETRICS/GYNECOLOGY,0
449c580d-6ca7-3239-be02-df5525920885,Regan713 Smith67,F,GENERAL PRACTICE,45
44e4081b-ff2b-3441-a7ed-72527b8bee53,Ileana390 Doyle959,F,GENERAL PRACTICE,53
45aa8740-0b82-3dbe-ab0c-d39f5fb58031,Season349 Bosco882,F,GENERAL PRACTICE,74
4675e876-efde-30e9-8504-db3590cfda6e,Verna758 Conroy74,F,OBSTETRICS/GYNECOLOGY,0
48795c25-23eb-380f-9fd5-39e3debce7aa,Dan465 Bergstrom287,M,NURSE PRACTITIONER,0
48af7e60-ed07-37e9-a382-02ced7f6f075,Ricardo560 Herrera193,M,INTERNAL MEDICINE,0
48ce2a31-3d20-3bf8-b34c-691015e5cb1a,Amira620 Flatley871,F,CHIROPRACTIC,0
48f98e1f-f5a9-3c58-a186-23b7e3734ae0,Andres25 Larson43,M,PHYSICIAN ASSISTANT,0
498753ec-7abe-3be1-b2d6-d2b5838c2a41,Raúl937 Carrillo204,M,GENERAL PRACTICE,34
498e010a-317c-333e-a8cb-e013913c0eab,Sammie902 DuBuque211,M,GENERAL PRACTICE,11
49c123ab-f9f6-3b52-a766-f920463ea630,Fumiko79 Cummerata161,F,GENERAL PRACTICE,68
4a30b107-dfb1-3c26-848d-298f2dd1589c,Cortez851 Douglas31,M,GENERAL PRACTICE,1
4b6c767c-d3d7-3967-81a2-6604b3fec8a1,Jimmie93 O'Conner199,F,GENERAL PRACTICE,2
4b765e67-1fab-39d4-9381-c91fd9f2e48e,Remona896 Hahn503,F,GENERAL PRACTICE,15
4b8424d9-5b37-3640-80b5-e1fb97a15df5,Cedrick207 Reilly981,M,GENERAL PRACTICE,18
4ba37f77-a7d9-370f-a21a-e72c31f87b34,Luke971 Murray856,M,CLINICAL PSYCHOLOGIST,0
4d12f6b0-c28e-348d-975f-25a388ef89ee,Marilu588 Fritsch593,F,GENERAL PRACTICE,33
4f0cf85f-9178-33dd-a36c-94179b7c7a5f,Sade71 Wolff180,F,PSYCHIATRY,0
4f9a3bb5-24c2-3671-b145-6539e1e5ca6b,Tamra871 Steuber698,F,GENERAL PRACTICE,28
4fdf21fa-a09a-387c-a4ab-fa04a313af92,Tanner110 Littel644,M,OPTOMETRY,0
503674d4-b7ca-34a7-a3be-af490f708c2b,Nathalie366 Bradtke547,F,ENDOCRINOLOGY,0
50450131-1e2f-3883-b5b8-d32e98db7080,Eloy929 Murazik203,M,OPTOMETRY,0
5053e52d-c2fb-387e-a1ef-9feb95f52637,Alfredia958 Gleichner915,F,GENERAL PRACTICE,35
509fc08c-c246-39e1-8c8b-25f38dc61d94,Jerónimo599 Castañeda925,M,CLINICAL PSYCHOLOGIST,0
50b9ecb0-db2d-3d6b-997a-fa8ef2db824e,Lynn917 Tillman293,M,GENERAL PRACTICE,4
513a3dec-7bf0-3428-bbc7-8e645728be76,Vonda514 Funk324,F,GENERAL PRACTICE,1
51afa40f-7077-3fbd-9e1b-2d1d454bb803,Willard975 Heathcote539,M,CHIROPRACTIC,0
522157cb-fe7a-3c83-94cf-9775d114191e,Robbie31 Friesen796,F,GENERAL PRACTICE,91
52794c34-cb17-3e08-866d-2d9a6d2a4490,Elijah719 Kuhlman484,M,INTERNAL MEDICINE,0
52c6c19d-a8ac-3ffc-9cbb-498ec6be89d0,Shanell37 Wuckert783,F,GENERAL PRACTICE,5
54e1bd56-4956-301b-bb55-f7b555a3178e,Florene115 Cole117,F,GENERAL PRACTICE,2
557f30f1-e771-3980-b248-2b5f53f55b65,Amiee221 Ledner144,F,GENERAL PRACTICE,68
55a11eef-25d9-378f-a3a3-ccd26dd4772c,Ernesto186 Irizarry542,M,GENERAL PRACTICE,33
564500ea-741d-3630-8ea1-5a280574682b,Tracy345 Spencer878,F,GENERAL PRACTICE,442
569e12ef-53d8-3aff-8344-5c00c1461a32,Jayson808 Olson653,M,GENERAL PRACTICE,28
576099ad-9598-318f-b86f-56389d741867,Mose244 Marks830,M,INTERNAL MEDICINE,0
57ca7008-5787-3e4e-b046-bce7d4cb7d7c,Melissia267 Price929,F,NURSE PRACTITIONER,0
57d49776-b04f-3518-8b72-c4603cb09eaa,Claretha922 Hoppe518,F,GENERAL PRACTICE,28
580f8332-d085-342b-9f34-782f4bec2995,Juan88 O'Connell601,M,CHIROPRACTIC,0
582281cc-1b75-38da-aa57-15b1f8964482,José Eduardo181 Regalado83,M,GENERAL PRACTICE,2
5854d82f-3e0b-395a-9e4a-6ddff96895a8,Cecille691 Halvorson124,F,GENERAL PRACTICE,294
58c52e9c-e4a5-3d7c-a34c-ea74c8db1db8,Quinton758 Runte676,M,OPTOMETRY,0
58d314e7-b37b-359e-ac88-0020b317cd64,Isabela97 Raya927,F,GENERAL PRACTICE,72
598d4f3a-530c-3fa6-926e-e0e6c4d0eeb8,Marcell728 Fritsch593,F,GENERAL PRACTICE,126
59e6a6ac-3fb6-357a-8cf9-a83e014c9fd0,Adrian111 Schultz619,F,DERMATOLOGY,0
5a11b7e7-9362-3216-ad97-e4f4790cb76d,Shauna908 Bayer639,F,PHYSICAL THERAPY,0
5a918aaa-ff39-3f74-bb0a-0eec0452e426,Frederic454 Goldner995,M,CLINICAL PSYCHOLOGIST,0
5d14613b-733e-373c-84cf-e2d579999b5e,Gus973 Mills423,M,GENERAL PRACTICE,61
5d2ded6c-7e53-3873-a103-0c065f024bc4,Krysta658 Brekke496,F,PHYSICAL THERAPY,0
5db370df-b489-3a7a-8d10-c97c3bb57644,Tawanna466 Schroeder447,F,GENERAL PRACTICE,85
5dc5965e-b44a-322f-b8ef-29712f5e5cb6,Sean831 Hauck852,F,FAMILY PRACTICE,0
5ebafc0b-075f-3f20-9f6d-f1c2e441bd88,Kaila152 Hintz995,F,GENERAL PRACTICE,4
5f132828-52c8-356e-8fe6-76c7c5e3b3bf,Tom274 Morar593,M,DERMATOLOGY,0
5ffbaa70-a618-3009-8006-2adb9583150f,Rachelle804 Franecki195,F,INTERNAL MEDICINE,0
60531e5c-5670-3fb4-9647-c2c59786dd23,Blair400 Borer986,M,PHYSICIAN ASSISTANT,0
60a3103d-4592-3655-8bf0-1cd96ab46b4a,Lawrence741 Quitzon246,M,GENERAL PRACTICE,1
611eb7e2-f81f-37ef-a835-46480ac00f12,Beatriz277 Ojeda263,F,INTERNAL MEDICINE,0
61624f0b-2584-3973-9ec3-0095c63ea7ba,Erna640 Wolff180,F,PSYCHIATRY,0
61b94736-2175-331b-bb37-ff0d9167c323,Luke971 Murray856,M,CLINICAL SOCIAL WORKER,0
61d2a1de-b654-3572-89c7-2dcd2ef83bc2,Leonor133 Green467,F,PHYSICAL THERAPY,0
61dce8e4-ea8e-3a12-91f4-30b638db3d8d,Genaro214 Skiles927,M,GENERAL PRACTICE,38
62590996-4628-3c91-aa72-ae46159815cc,Vicente970 MacGyver246,M,GENERAL PRACTICE,69
629a6ace-5f8a-37e9-bdb6-583d03e30859,Adolfo777 Waelchi213,M,GENERAL PRACTICE,2
629cfe0d-bf56-3297-aa75-3a55019dba7e,Houston994 Schiller186,M,GENERAL PRACTICE,79
62b41204-5c86-34ef-9c91-bffb25c0b1c1,Mozell819 Weissnat378,F,OPTOMETRY,0
638743f8-ec97-3cb9-9b78-d8770334279d,Sharee66 Harris789,F,INTERNAL MEDICINE,0
63ace61d-de96-3dc9-bc82-c88dc1760683,Verna758 Conroy74,F,CHIROPRACTIC,0
63d8eaf7-d352-3cd6-95fe-5a6f13c6aa1c,Dorian295 Anderson154,M,CHIROPRACTIC,0
640dc359-3b74-3047-bb61-dcde1be5bebd,Norman647 O'Hara248,F,GENERAL PRACTICE,68
64660a0c-5ce8-329b-a56d-496c2a5b2187,Wes853 Wolf938,M,CHIROPRACTIC,0
65531be9-ac60-34fa-ab1a-038ef3253fa3,Keven605 Mueller846,M,GENERAL PRACTICE,318
65e14bdb-2bbf-3de9-b14a-236a895cf130,Hugh686 Von197,M,CLINICAL SOCIAL WORKER,0
661af315-44fa-3adb-9846-8a0762531040,Whitney250 Wyman904,M,GENERAL PRACTICE,2127
66a50b1a-db6c-3210-a5e2-86ffec9c4985,Katheleen349 Veum823,F,GENERAL PRACTICE,289
682626cb-b012-305c-b42d-de00b8919beb,Darcey370 Stanton715,F,GENERAL PRACTICE,38
688b96b7-f69b-38a9-9996-22ccc7391c28,Marcellus830 Hettinger594,M,NURSE PRACTITIONER,0
68961028-0bb5-37cb-99a3-318632313629,Garry927 Witting912,M,GENERAL PRACTICE,62
6967a496-2e2e-3068-be2c-3f15b645ff84,Denny560 Lemke654,F,PHYSICIAN ASSISTANT,0
69696a5a-8366-33ae-a7ba-c80469c3723b,Dominick530 Thompson596,M,NURSE PRACTITIONER,0
6a9c9713-b625-3fa3-b401-e29d9e739d9d,Tana168 Ernser583,F,NEUROLOGY,0
6aef5ba0-e770-3fbe-99df-5abc70ac1a1d,Ramona980 Villareal516,F,GENERAL PRACTICE,85
6c6fccc1-4458-3787-8e14-f3dda3b7c28f,Waneta858 Armstrong51,F,GENERAL PRACTICE,28
6cb51888-f986-3a68-b2e1-fcc261a31c98,Roscoe437 Hilll811,M,GENERAL PRACTICE,125
6d55b22d-82d1-3792-8fa2-22162a81eda2,Santo387 Bahringer146,M,OPTOMETRY,0
6e7d65bf-873f-331c-9453-3f73418d19ba,Darwin703 Raynor401,M,CHIROPRACTIC,0
6e9cfca3-c17b-3b4c-be15-c9dbde9f36a2,Claude750 Shanahan202,M,CLINICAL NURSE SPECIALIST,0
6f6230c1-6ce9-3e41-8943-dad447910a06,Margarita164 Nájera755,F,CLINICAL SOCIAL WORKER,0
6fdc2f99-b0bc-3897-8a5d-141d1ffab864,Dana512 Johnson679,M,NURSE PRACTITIONER,0
70725e1a-10d9-3d14-bbd8-aaaaa46e4746,Vicente970 MacGyver246,M,OPTOMETRY,0
70abb904-f9f5-3ad0-a15f-a0d2acf8aed8,Daria61 DuBuque211,F,GENERAL PRACTICE,2
70c18e2a-adf0-338e-bfab-1d3df02d721a,Man114 McDermott739,F,RHEUMATOLOGY,0
71cf0ee2-6490-3086-aa31-56f66ba9359c,Shirl54 Ankunding277,F,GENERAL PRACTICE,205
7201789c-17b2-355e-822b-f85433667d30,Senaida415 Jerde200,F,OPTOMETRY,0
72a24cac-4f39-3299-b85f-c43dc3ed6c3d,Isaias604 Hettinger594,M,GENERAL PRACTICE,2
72bf0f9f-fa1f-312b-8646-ed3679b368b2,Lily490 Strosin214,F,OPTOMETRY,0
72e3edc9-9294-33d5-b927-49c56433871d,Stefania815 Leffler128,F,GENERAL PRACTICE,173
7354a9d7-db99-3133-b0c0-92403124c3a4,Luke971 O'Hara248,M,OPTOMETRY,0
7362b543-6f07-32ca-999f-a6af660e1388,Micheal721 Emard19,F,GENERAL PRACTICE,1
73693421-32c4-37d1-9141-64e037a9dd90,Matha641 Kilback373,F,GENERAL PRACTICE,5
740633dc-317c-3872-a97c-d7fd69d4c4ab,Jordan900 Jast432,F,PHYSICAL THERAPY,0
748e4412-171f-3233-9720-a03b8b230653,Ana Luisa894 Borrego496,F,GENERAL PRACTICE,10
74bb0cfa-289c-36f6-a582-b2a7c0eaa6a9,Eric487 Satterfield305,M,INTERNAL MEDICINE,0
74c7bcfe-cdf7-3835-98c6-4696c7fa4872,Lamar193 Williamson769,M,GENERAL PRACTICE,2
74fcee2b-fa1f-3f14-aa8a-e6ac7cf61fe6,Heath320 Tremblay80,M,GENERAL PRACTICE,35
7500227f-65b2-378c-b979-a02b2f5a4e0f,Paola523 Turner526,F,OPTOMETRY,0
75087ad0-0e88-3dfa-9a15-9f7752c697dd,Dannielle300 Ward668,F,GENERAL PRACTICE,1
757850e5-14fc-3953-8f59-0b5985a90d95,Frederic454 Hermann103,M,GENERAL PRACTICE,9
761b58c3-f96c-3a29-8b3f-190da9358752,Carol737 Hansen121,M,CHIROPRACTIC,0
76696fb8-026d-3c64-9070-48bcf77b9562,Emile522 Wunsch504,M,PHYSICAL THERAPY,0
767e0192-f3c6-36a2-aa97-13b7dc32fac0,Marvin195 Glover433,M,GENERAL PRACTICE,315
768e2ccc-9a94-3217-bcc3-517652427f5e,Malissa448 Tromp100,F,INTERNAL MEDICINE,0
77803a58-a3ad-3b1a-afd7-c4354764dfe1,Rosanne862 Stanton715,F,GENERAL PRACTICE,1
77ae5ce4-1f52-35d5-b57e-35b71e923fa0,Arnette709 Conroy74,F,GENERAL PRACTICE,305
788b32f8-17fd-32da-ad24-dfc7976f3bd8,Darcey370 Stanton715,F,CLINICAL SOCIAL WORKER,0
7905400f-ccfe-3665-b167-19228ae685a3,Tonia627 Friesen796,F,GENERAL PRACTICE,1
790939af-e99a-3485-be79-3adf5b71a7f2,Myrtis608 Cassin499,F,INTERNAL MEDICINE,0
790ec970-c1d3-3115-9e46-bbd67fb048e1,Elton404 Stanton715,M,PSYCHIATRY,0
794347a8-a736-3743-967c-1e701586909a,Jaleesa813 Collier206,F,OPTOMETRY,0
795f3c89-197d-399d-9483-22f71414eaa4,Refugio197 Jacobson885,M,GENERAL PRACTICE,1
7bd1e914-e668-35b8-acdf-d849f6d46af1,Marivel862 Bode78,F,INTERNAL MEDICINE,0
7c39c33d-04d6-3c72-8bd5-0edfeac63b8f,Leonor133 Green467,F,GENERAL PRACTICE,91
7d8a652a-7669-313e-85e8-11f557bc838a,Denny560 Lemke654,F,FAMILY PRACTICE,0
7d91618c-1a32-3149-bb27-ed9c9ee39759,Kenneth671 Cremin516,M,PHYSICIAN ASSISTANT,0
7e03ffd1-c47c-38d0-9442-03e01a83d984,Wade235 Oberbrunner298,M,CLINICAL PSYCHOLOGIST,0
7e585461-2cfd-39e3-a716-ceb5fa4399c1,Francesca650 Welch179,F,GENERAL PRACTICE,103
7eb9be25-1824-3cca-9826-0fca27d23a53,Nathalie366 Bradtke547,F,FAMILY PRACTICE,0
7ec262c8-0a73-31b0-aa97-dbfeb24d4359,Noel608 Collins926,M,CLINICAL NURSE SPECIALIST,0
7f0174b6-2e9e-36f3-8572-022943da7365,Mckinley734 Schultz619,M,CLINICAL PSYCHOLOGIST,0
7f4788a6-002f-3d34-830b-80778ee6e2ad,Jena102 Thompson596,F,CLINICAL PSYCHOLOGIST,0
7fec0432-44f6-3a2e-a23f-5000e978f7b2,Cheyenne169 Renner328,F,GENERAL PRACTICE,3
81d26497-0e9e-3a30-b141-37cc5310ca1b,Bettye671 Harris789,F,CLINICAL SOCIAL WORKER,0
83d4bc5b-42db-3504-b01a-657c48cfc814,September423 Bosco882,F,GENERAL PRACTICE,20
844367ca-7e8c-3442-93d1-3864ee83659d,Mario764 Barrera709,M,OPTOMETRY,0
84584922-a0b2-36fc-97f7-33f7ad5e078e,Earlie274 Treutel973,F,GENERAL PRACTICE,1
846e800e-ce5a-3685-a309-e5c05d946ede,Tammy740 Glover433,F,CLINICAL SOCIAL WORKER,0
84883537-9eac-35d0-ac81-308ff1a4c18f,Edgardo196 Conn188,M,INTERNAL MEDICINE,0
84a9dd46-797b-30f2-9c93-e658c43fc900,Trisha327 Hyatt152,F,ORAL SURGERY,0
85067f62-bce6-362b-b377-028030aaf81c,Kemberly945 Medhurst46,F,GENERAL PRACTICE,130
85dcfbac-781e-35f7-a4dd-f7fa8f2bc52f,Jonathon205 Hoppe518,M,OPTOMETRY,0
86266922-9136-35cd-9744-68ed27b52a3c,Moses679 Will178,M,CLINICAL SOCIAL WORKER,0
866f1ceb-a4ef-3849-8efd-7b1cb32d9e59,Moses679 Will178,M,GENERAL PRACTICE,75
86859e20-0d50-3d07-ab12-71d535a5ebaf,Russel238 Walker122,M,GENERAL PRACTICE,799
86ad2ed1-17d0-3952-9835-97893e0fecf0,Emil691 Schoen8,M,CLINICAL PSYCHOLOGIST,0
86c7edfd-7e21-37bf-a5a8-ca030a18560b,Mathew182 Beier427,M,CHIROPRACTIC,0
87dd0647-82a5-395a-b69d-b594f4f953a3,Lois157 Harvey63,F,NURSE PRACTITIONER,0
88276e13-ef9c-3aea-96e6-3e86188fb2c7,Jack927 Wintheiser220,F,GENERAL PRACTICE,69
882dd1a9-57af-361c-bb9a-b34c72cbeaa7,Quintin944 Stracke611,M,PSYCHIATRY,0
8875dc95-f3d9-3934-9665-c54c75844ae0,Earl438 Simonis280,M,CHIROPRACTIC,0
88d43822-3e6e-3bef-8661-ecae2bfeec28,Marilu588 Fritsch593,F,CHIROPRACTIC,0
890a2b11-9d2b-3cef-9db0-b7e5b07c7bb1,Chuck784 Bayer639,M,GENERAL PRACTICE,2
89303285-170d-3a24-833e-c1c227b9a242,Trina350 Cummings51,F,GENERAL PRACTICE,13
894ed19e-0c56-3985-abe8-20fbda2c5b24,Maida946 Greenfelder433,F,GENERAL PRACTICE,2
895b328f-30bf-3479-8ab6-e26dd4f15518,Carlyn477 Muller251,F,GENERAL PRACTICE,2
89b43f2a-90ea-3f0e-889a-75ef16674e3c,Dusty207 Jacobi462,F,GENERAL PRACTICE,2
89ec6e2d-3318-320b-a763-d9e74609e703,Russ979 Schroeder447,M,CLINICAL SOCIAL WORKER,0
8a10c9c9-ce19-35fe-b15b-0836213c051b,Kathrin605 Jast432,F,FAMILY PRACTICE,0
8a1924b7-1c37-32db-9761-09484b257bf1,Milo271 Ledner144,M,PAIN MANAGEMENT,0
8a727440-a145-38a8-9cb7-92e5ab268c1b,Maggie320 Beier427,F,INTERNAL MEDICINE,0
8b22a500-0760-3107-8d70-279619dd3e73,Zulema784 Gibson10,F,OPTOMETRY,0
8b2511df-0545-3c99-addb-df5618dd1053,Danuta945 Hamill307,F,GENERAL PRACTICE,42
8b997ab5-6c64-3f22-b266-4490060ee59d,Dorsey40 Stehr398,M,CLINICAL SOCIAL WORKER,0
8ba3d1c5-a049-3bc3-813b-8f2e208d3b28,Glen190 Schinner682,M,CLINICAL SOCIAL WORKER,0
8bac4880-ab90-350b-a7de-72e1c3b568f1,Alonso270 Parker433,M,CLINICAL SOCIAL WORKER,0
8c3591c7-0b48-3749-9e04-00c74535af12,Lilli892 Schuppe920,F,GENERAL PRACTICE,28
8c65aa58-df35-3e5c-bf3c-c3af3240a98a,Takisha161 Cruickshank494,F,GENERAL PRACTICE,68
8cb7f9ca-9dc4-3839-9e30-fb3a0a8d80a4,Malcom15 Hodkiewicz467,M,GENERAL PRACTICE,1
8d2462e6-9dbd-3acc-bfa2-475779d4480a,Donald774 Simonis280,M,GENERAL PRACTICE,2
8d829546-5fc5-3b0f-a9bd-c8a5f0bbac4b,Russel238 King743,M,INTERNAL MEDICINE,0
8e08e5a6-5f04-33ae-9777-d7d4927c79da,Tamica785 Kutch271,F,NURSE PRACTITIONER,0
8f814750-e9ce-3e03-97a6-7deea196ab24,Cameron381 Hermiston71,M,GENERAL PRACTICE,69
8fcfe285-cd42-31c2-9414-0723930589c4,Frances376 Dicki44,F,GENERAL PRACTICE,3
907df04a-cbe4-3bc7-94a9-f6b6b18c4587,Donnie175 Muller251,F,GENERAL PRACTICE,89
917cb2e0-0659-32a5-9845-2ef999633b99,Laurence43 Zemlak964,M,CLINICAL SOCIAL WORKER,0
9214c78b-8419-30d4-80d9-4dd26d70c6e2,Darius626 Mante251,M,GENERAL PRACTICE,1
92402e36-3186-3c5e-be9b-20da29f856ec,Shawnta32 Douglas31,F,INTERNAL MEDICINE,0
938dda46-42dd-3f08-b182-508b54810e92,Rigoberto443 Ziemann98,M,INTERNAL MEDICINE,0
93e55df2-28db-3f26-922e-6f094b3a2aac,Theo630 Adams676,M,GENERAL PRACTICE,57
93f8ba8f-876e-35e8-8b21-09e7e75af339,Shalonda324 Swaniawski813,F,GENERAL PRACTICE,5
94468630-308f-3243-a371-b9f4ada64d77,Mayme605 Stoltenberg489,F,INTERNAL MEDICINE,0
950fde56-4e72-309d-a9aa-ff767e73606b,Val761 Grant908,M,GENERAL PRACTICE,11
951ec2d1-1c37-37e5-879c-53d631973df9,Mose244 Marks830,M,PHYSICIAN ASSISTANT,0
95ce2bac-7f8a-3a11-bf90-62af8b2231af,Christian753 Keebler762,F,GENERAL PRACTICE,3
95e6771e-9f88-3ea4-9cab-4ad80bd8624b,Augustine565 Bechtelar572,M,GENERAL PRACTICE,100
9630ae7a-83fa-3027-8a31-39b724d36000,Ludivina884 Steuber698,F,GENERAL PRACTICE,393
9754d0d0-f569-3844-aa2e-7f59cb9b6178,Oda116 Wolf938,F,FAMILY PRACTICE,0
978c2a70-4f17-387b-8d9e-62f3790f8afc,Gavin481 Pfeffer420,M,OPTOMETRY,0
981df908-f759-325e-9717-caf2a229f10c,Tierra831 Krajcik437,F,GENERAL PRACTICE,2
983d9b51-928c-3698-8303-8a95d0cef1cf,María Eugenia578 Gálvez271,F,NURSE PRACTITIONER,0
988a254c-9ff2-3c06-8ec8-24e179db4d14,Shelly431 Kilback373,F,INTERNAL MEDICINE,0
9aba4fac-4cde-3d59-b5d7-fe2b11ec38d7,Toi270 Lueilwitz711,F,GENERAL PRACTICE,2
9b320349-591f-3168-85e8-d4b1b414a9e1,Hoyt490 Lemke654,M,GENERAL PRACTICE,72
9b6b5638-9dab-37e6-a363-7cdb6cf7cf20,Marcelle381 Larson43,F,NURSE PRACTITIONER,0
9bcb4b50-a2af-363b-af18-1cd45595ac4b,Denny560 Lemke654,F,NURSE PRACTITIONER,0
9bda8ccd-e627-3825-918d-3b191606a3c8,Sabrina514 Keebler762,F,INTERNAL MEDICINE,0
9c0c37c6-44eb-3c35-94e1-93ec61c924fb,Loris321 Bradtke547,F,GENERAL PRACTICE,392
9c560202-79e0-38f3-b9e3-0f7cca1505b4,Hal307 Renner328,M,GENERAL PRACTICE,652
9c7727ee-3357-3ec6-b73e-0ca3d40c27da,Junko239 Gleason633,F,GENERAL PRACTICE,1
9cb8bdaa-ae67-3c8f-bbc9-a729762b80ee,Loida499 Greenfelder433,F,GENERAL PRACTICE,16
9cf0db5b-ea08-3cec-8478-aa3bc6b790de,Marcellus830 Hettinger594,M,PHYSICIAN ASSISTANT,0
9d03ea2d-db3e-3263-97f4-56d42827828c,Mose244 Marks830,M,NURSE PRACTITIONER,0
9d5638b0-aaa5-3a5c-a40e-259e18453aa9,Gordon377 Conroy74,M,GENERAL PRACTICE,16
9dc229ee-28a0-38c3-b63c-53ff5969913a,Tula326 Paucek755,F,PHYSICIAN ASSISTANT,0
9e6ee3d1-ea63-302d-81d1-098044cdb92b,Louie190 Pacocha935,M,GENERAL PRACTICE,80
9e8b3f7a-ca08-35db-a5aa-901aa40fe41f,Ariel183 Nienow652,F,RHEUMATOLOGY,0
a0023c1b-e5d4-3f4b-877d-b8b7dc6636f6,Aaron697 Spinka232,M,PHYSICIAN ASSISTANT,0
a0291b53-12af-3452-a110-6ef483622144,Tonisha838 Sauer652,F,GENERAL PRACTICE,97
a059e784-da33-36bb-9f15-b594f55982ea,Melodee943 Muller251,F,CLINICAL PSYCHOLOGIST,0
a0a06c06-5a1b-3287-9011-996cc956336f,Carol737 Hansen121,M,GENERAL PRACTICE,65
a159fd93-46a3-3175-8d8b-acdaf52dd33b,Elena945 Pérez790,F,GENERAL PRACTICE,486
a18a21f7-509e-33b7-a01d-a86f02ad1135,Barbara209 Watsica258,F,GENERAL PRACTICE,1
a2244351-df97-3442-ac24-267c3528cd11,Rema399 Reynolds644,F,OPTOMETRY,0
a23e9c3f-6064-3cf9-93ce-b31ee6b487fe,Tod265 Veum823,M,NEUROLOGY,0
a2822f63-7f00-3e0e-8841-2aaf133de5d9,Chia293 Orn563,F,NURSE PRACTITIONER,0
a2a513e9-e423-39ad-b4ea-153c9a20bc47,Man114 Gaylord332,F,INTERNAL MEDICINE,0
a2bacf28-97b9-3d70-a5dd-f486b3638501,Quinton758 Runte676,M,GENERAL PRACTICE,49
a2f7049c-f538-3765-89ad-033f20f3fca0,Freeman822 Schulist381,M,GENERAL PRACTICE,49
a30abe42-0b4f-3b0c-82a3-9db57cc88873,Fredrick998 Morar593,M,OPTOMETRY,0
a30bcad3-ec57-39e2-bf76-5efb5a90a91f,Rodrigo242 Wisoky380,M,GENERAL PRACTICE,89
a3197f86-9d6e-3f08-8834-a255c398eca3,Quiana329 Powlowski563,F,CLINICAL SOCIAL WORKER,0
a331812b-5b6c-3e0a-8ccd-eaa6428e4478,Melina208 Wunsch504,F,GENERAL PRACTICE,5
a4adc17d-6150-376e-ad7d-070b3f9dfd1e,Theo630 Adams676,M,PSYCHIATRY,0
a4f203cf-25d9-330b-8fc2-3b9b549f8b0e,Cristopher265 Bartoletti50,M,CLINICAL SOCIAL WORKER,0
a51a513c-564d-359f-885c-73c64d0806ec,Abe604 Brown30,M,CLINICAL SOCIAL WORKER,0
a5e8bf22-1da3-3ba6-aed7-fff9af37416d,Ira784 Hessel84,F,OPTOMETRY,0
a5f3cf8a-32a0-3a1c-a4e0-d20e9576e7b7,Clelia416 Heathcote539,F,GENERAL PRACTICE,48
a60170fd-de61-3470-96c1-ccb6aa344add,Clarice719 Denesik803,F,GENERAL PRACTICE,7
a67f394c-948b-3523-bd03-9c99c0cafbd0,Roni48 Corwin846,F,GENERAL PRACTICE,3
a7cb1516-26bf-3b93-b4cb-8432963c1802,Rashad361 Huel628,M,GENERAL PRACTICE,5
a7cd714c-d3f7-3af9-b673-058c2fa6ab68,Benedict104 Deckow585,M,GENERAL PRACTICE,2
a8675363-a882-3236-b990-f7dabb4bd070,Travis723 Simonis280,F,GENERAL PRACTICE,46
a97481d7-2c01-35d9-a655-df84187e02df,Desmond566 Schiller186,M,INTERNAL MEDICINE,0
a97c6259-5395-3e8c-ae10-252530f5bc99,Fernando603 Armstrong51,M,CHIROPRACTIC,0
aa369df5-e913-30f1-881a-85a528a998ab,Darcey370 Stanton715,F,NURSE PRACTITIONER,0
aafcc7c6-5c25-3376-9088-c4aea5e889fc,Lorena247 Montemayor547,F,GENERAL PRACTICE,42
ab0eb25c-6dda-3a5a-862a-619fe6457d1e,Xuan162 DuBuque211,F,GENERAL PRACTICE,100
ab7bcbfa-56a2-3bcd-884e-79a3c3405340,Jewel43 Rippin620,M,GENERAL PRACTICE,1
aba257f5-a2c1-35bc-a3d3-13c766656b3c,Norma469 Montero62,F,GENERAL PRACTICE,74
ac923242-2a16-3c37-a3ac-7877959baee1,Buford910 Wolff180,M,CLINICAL SOCIAL WORKER,0
ad05e7d8-ed2b-321c-96b7-484cff8ccd1a,Gerry91 Terry864,M,GENERAL PRACTICE,63
ad8ea84d-b954-3cb0-b854-cbcdbddbe9b8,Clay913 Gislason620,M,GENERAL PRACTICE,2
adac307b-9828-390e-ae2d-ab7db663035a,Thaddeus38 Emard19,M,PHYSICIAN ASSISTANT,0
adbdb876-b2cf-3654-b6f1-773779218ed9,Jerrod232 Kutch271,M,INTERNAL MEDICINE,0
adf4467f-3f07-3c1a-aba0-e7c22ef44a4d,Jamey282 Macejkovic424,M,GENERAL PRACTICE,5
ae20f1ae-444b-333b-ae80-aeefe8d4b942,Henry768 Paucek755,M,GENERAL PRACTICE,273
ae52ceaa-aa79-399d-86a4-14bef70e9167,Remedios388 Crona259,F,INTERNAL MEDICINE,0
ae96f8e9-6b72-308e-9db0-2c566e5d7982,Nick779 Wilderman619,M,OPTOMETRY,0
aef41992-89e8-36e9-9412-edef888ebcdb,Guillermo498 Hilll811,M,GENERAL PRACTICE,80
af59b062-eec7-3d10-97c5-765e82182b1d,Jena102 Adams676,F,CLINICAL NURSE SPECIALIST,0
af73e71c-7d74-3403-824c-6a7b99bf283d,Jerrod232 Kutch271,M,ENDOCRINOLOGY,0
af7eb7a4-7c42-3c9b-94f1-2d887b126087,Ofelia194 Block661,F,GENERAL PRACTICE,1
afa4092c-c82a-3ab0-9367-589bc45310e7,Janette321 Fisher429,F,GENERAL PRACTICE,390
b0521c29-03ce-3743-bf6e-a06336aa38b6,Denny560 Lemke654,F,EMERGENCY MEDICINE,0
b05948a2-e83d-3774-9731-8cd0ec5d572c,Hernán834 Regalado83,M,GENERAL PRACTICE,3
b1300f3e-0c73-3829-a9b2-87f842ca7976,Luise714 Hammes673,F,GENERAL PRACTICE,7
b1779868-a399-3aba-8143-a7023e21d684,Eugenio846 Doyle959,M,OPTOMETRY,0
b1db5972-a27e-3f97-86f3-af3664321aa1,Antwan357 Harris789,M,GENERAL PRACTICE,357
b1e81f2b-8d2b-3c53-acdd-15d4184771b2,Catalina187 Purdy2,F,GENERAL PRACTICE,7
b1f2ecf4-80b4-3b19-9b8a-46048c8a0ba3,Aiko748 Keeling57,F,NURSE PRACTITIONER,0
b22eb77d-bc81-3ffe-a0d9-07bcc4a25048,Dallas143 Aufderhar910,M,CHIROPRACTIC,0
b2f2fa0b-5c4b-3f37-a3bf-f16ca75cfd6d,Kallie862 Kuphal363,F,GENERAL PRACTICE,48
b386dc5c-6b72-30f3-8c4e-190089893d51,Katharyn928 Reilly981,F,OPTOMETRY,0
b459d154-1823-3f86-90f2-d25bb6fddbd6,Ray930 Price929,M,PHYSICIAN ASSISTANT,0
b4720437-8765-3794-a3e8-1d3a91b2994d,Brandon214 Brekke496,M,GENERAL PRACTICE,1
b5efcfa0-b502-3b71-8421-bde5e2d16313,Debra128 Hettinger594,F,GENERAL PRACTICE,28
b5f4ea72-a22d-34cb-870c-0908762e6866,Cameron381 Reichel38,M,FAMILY PRACTICE,0
b72d3c9d-1bda-31e9-b8cf-36a34ae680f1,Abdul218 Walter473,M,NEPHROLOGY,0
b7995b55-053a-3baa-8fe0-04075f02cb77,Carole948 Murray856,F,GENERAL PRACTICE,58
b81a97d2-78d7-39e2-acd7-3ca5add8e445,Machelle279 Harber290,F,GENERAL PRACTICE,49
b93633e7-8a32-384f-a3d3-6cad8d0925d4,Armando772 Lehner980,M,PODIATRY,0
b947ea40-0084-3682-b488-308bbaca2552,Lauren941 Schultz619,M,INTERNAL MEDICINE,0
ba21c522-4139-3c97-a763-efabfae08d4b,Joe656 Keebler762,M,GENERAL PRACTICE,68
ba6a22f7-1c18-39aa-99d3-5cd5a136721a,Leslie90 Crona259,F,GENERAL PRACTICE,60
ba83a6e9-8a8e-32c2-b376-83e1098dae8f,Zack583 Wehner319,M,GENERAL PRACTICE,1
baa435a2-bb9a-3281-ac72-e02d983ecc12,Normand813 Schultz619,M,GENERAL PRACTICE,109
bafd74f3-ca8e-37fe-a635-9d0473808e85,Micaela928 Garrido242,F,GENERAL PRACTICE,527
bb2b0f6e-438f-39e5-b3fa-a355df1b5e3b,Victoria535 Ullrich385,F,NURSE PRACTITIONER,0
bbb9fd25-7f81-3ac4-8872-05ea48c70962,Rona40 Green467,F,GENERAL PRACTICE,102
bbc29390-8fb3-3990-875f-8e85bbd09188,Jerrell6 Schmidt332,M,GENERAL PRACTICE,30
bc0afa4e-9bd1-3ade-ac5f-bb195abbf786,Deangelo7 Dickens475,M,GENERAL PRACTICE,1
bc718d8c-9651-3555-930b-c6276b570b85,Scott935 Walker122,M,GENERAL PRACTICE,1
bc75079d-4fe3-376a-9cf6-71a127431031,Johnathan55 Stracke611,M,PHYSICAL THERAPY,0
be0126a8-93a1-37a7-8987-8556a8ede1f1,Frederick289 Fritsch593,M,CLINICAL SOCIAL WORKER,0
be7a163f-a5da-3b75-8cae-40e15703ed3e,Kenton313 Haag279,M,INTERNAL MEDICINE,0
beaccb0f-a121-3430-804f-e3cecb45c67c,Ronald408 Corwin846,F,INTERNAL MEDICINE,0
beec688e-5356-363f-b364-558019084c24,Jeremy766 Schulist381,F,GENERAL PRACTICE,1
bf136aa9-12c7-378a-90c6-5c3d4db4e11e,Jack927 Torp761,M,NURSE PRACTITIONER,0
bf47500f-2971-331c-a469-e390fda9a102,Maria750 Stamm704,M,GENERAL PRACTICE,3
bf6dfa93-cb83-3238-b713-e1971ab3ec96,Ethan766 Flatley871,M,GENERAL PRACTICE,110
bfd8713c-82ca-3873-9042-e61178ef4e92,Simon598 Borer986,M,GENERAL PRACTICE,4
c0331ca9-216b-3d24-90ca-847539617c18,Lurlene215 Windler79,F,GENERAL PRACTICE,306
c1472920-0f22-3415-b5db-131198ab5e9b,Virginia437 Moreno82,F,GENERAL PRACTICE,260
c1d6afc3-32d5-3805-b781-bb6eddf9b160,Aron520 Murray856,M,DERMATOLOGY,0
c2188dc8-c381-3292-8522-930268ee4498,Elida479 O'Keefe54,F,GENERAL PRACTICE,13
c311435a-4d64-3b1c-b734-3d72c45bc39e,Maile198 Heathcote539,F,GENERAL PRACTICE,99
c3e05a3b-2daa-3324-9231-0a0babadd17a,Tajuana20 Carter549,F,GENERAL PRACTICE,1
c406b267-e791-3c62-a2ed-3609a4c5fd9d,Stanton715 Koss676,M,GENERAL PRACTICE,58
c40f4cf7-187f-3815-bb17-6b38d2a93401,Cindie288 Block661,F,GENERAL PRACTICE,17
c4ec5a50-2d41-3212-b248-e52e597d7311,Titus37 King743,M,GENERAL PRACTICE,2
c50f301f-29ff-331e-b7a6-52cae4f95468,Terina405 Willms744,F,CHIROPRACTIC,0
c515e2e6-c61b-3352-bf8b-a153d344bd62,Margarite168 Kilback373,F,OPTOMETRY,0
c614570c-e060-34c6-a014-ea036d593605,Miles206 Treutel973,M,GENERAL PRACTICE,70
c67693c1-8054-3ac0-8c2c-ef9f97f766eb,Jarrod316 Raynor401,M,GENERAL PRACTICE,64
c685c35d-51c4-37d6-aa5c-496867d861c2,Shameka870 Aufderhar910,F,GENERAL PRACTICE,88
c702f5f2-1f76-3aaa-90d6-3d206333da90,Nelda514 Blanda868,F,GENERAL PRACTICE,258
c70bbcc7-37e2-3bba-97ae-2e7a8838d4f2,Refugio197 Durgan499,F,GENERAL PRACTICE,47
c731a7b8-47e6-37a6-9945-efbfbd7966c4,Chia293 Orn563,F,CLINICAL SOCIAL WORKER,0
c77f6b32-9779-38c1-90f2-1c1ee5cdaba3,Ivory697 Cruickshank494,M,INTERNAL MEDICINE,0
c77fbaab-cd0c-3f4b-8bca-28ec0631935a,Young120 Bode78,M,GENERAL PRACTICE,41
c7d6df18-f853-37cd-9642-6fdf2c415d2c,Carmine137 Wolff180,M,CLINICAL PSYCHOLOGIST,0
c860d8f0-b5ac-3cd6-8caf-f08677c47ce2,Porfirio146 Padberg411,M,GENERAL PRACTICE,18
c8e94dc2-84b2-353f-8499-728364759f88,Harlan808 Davis923,M,OPTOMETRY,0
ca14efb9-bd7d-317d-aef7-e056d29d5257,Evelyn437 Feil794,F,NURSE PRACTITIONER,0
ca1a188c-8115-342c-950e-afbc3f7439fc,Dorian295 Anderson154,M,GENERAL PRACTICE,45
ca66a7f5-41ed-34a6-ad62-7354153a3310,Jena102 Thompson596,F,GENERAL PRACTICE,65
ca91ef19-10ed-3bee-8126-032b3f9c1a85,Latoria810 Tremblay80,F,GENERAL PRACTICE,44
cb47108f-e710-30e1-b7b2-c010996bf19a,Landon622 Price929,M,GENERAL PRACTICE,2
cb701c7e-bce0-3071-8ca3-1a6d73934f3b,Elton404 Stanton715,M,CLINICAL PSYCHOLOGIST,0
cc1b27d1-415e-363f-8d1c-4a57302ab7d9,Frances376 Langworth352,F,INTERNAL MEDICINE,0
ccab2995-6728-3fec-8dd5-9dc87d3df929,Eric487 Satterfield305,M,DERMATOLOGY,0
ccfbd57e-c6c6-381d-bd49-b2c0b2f773af,Phil587 Goyette777,M,PAIN MANAGEMENT,0
cdcfc26e-1c65-31e4-b4b6-1d12fff02af6,Victoria535 Ullrich385,F,PHYSICIAN ASSISTANT,0
ce0cd74a-2d4a-3cfc-8d87-6439e8b6ca1c,Junior695 Dare640,M,INTERNAL MEDICINE,0
ce420a34-d0e0-3f20-a65e-27a415b7937f,Sherron201 Cronin387,F,PSYCHIATRY,0
cefa3d86-780e-3121-8c93-40525bda64b6,Rodney21 Dicki44,M,NURSE PRACTITIONER,0
ceff59b8-5bf4-39c0-ac0a-563b87244676,Patricia625 Kilback373,F,GENERAL PRACTICE,349
d01503ad-8ae2-3c80-ae4e-33921c2728d2,Yolanda648 Mata817,F,ORAL SURGERY,0
d0501ff4-8c5d-3eb9-be9f-43cb231d912d,Latia151 Cremin516,F,NURSE PRACTITIONER,0
d054e204-8059-3f7c-a853-5b24e19c643f,Danille883 Beatty507,F,GENERAL PRACTICE,68
d144830c-3597-3d7b-951c-59de61f9584d,Eloise59 Brekke496,F,GENERAL PRACTICE,1
d275b0ad-6115-3439-94f8-025b80a36d4c,Tula326 Paucek755,F,DERMATOLOGY,0
d2fe16df-6902-3af6-a455-dc29057dd4f8,Jeanine128 Leuschke194,F,PHYSICAL THERAPY,0
d46480e4-7e4c-36d5-b25a-a508e6f5e66d,Ray930 Wehner319,M,INTERNAL MEDICINE,0
d47c3137-95fa-3e06-b1bf-a9c07425f0a6,Bobby524 King743,M,FAMILY PRACTICE,0
d4b5b73b-1f85-376b-b7ba-754d62c83de2,Jody426 Hyatt152,M,GENERAL PRACTICE,185
d4b86220-ad4f-3c8b-9c00-3d26f6314461,Brad867 Hamill307,M,GENERAL PRACTICE,3
d5013270-d150-3acd-aceb-2de9a21db170,Kim439 Zieme486,M,GENERAL PRACTICE,184
d502c52b-5a5e-3d8f-8632-2032778004d2,Aline709 Turner526,F,GENERAL PRACTICE,47
d5081d0f-f1b9-3f39-98bb-914d74dc7cb3,Abe604 Brown30,M,GENERAL PRACTICE,67
d57346d2-749d-3d63-a3f1-a0b4f10948d7,Lionel365 Lynch190,M,GENERAL PRACTICE,432
d5933b30-6887-3b05-8d05-cedfb952cf3e,Mason910 Schinner682,M,DERMATOLOGY,0
d6051ef5-8117-3b83-b72c-ee4f33da4c10,Daren950 Hickle134,M,GENERAL PRACTICE,49
d60f88f9-5624-3d64-b92f-c73c7a01c5a8,Lou594 VonRueden376,F,GENERAL PRACTICE,108
d6730d49-f377-3026-8407-de932140c4ac,Marion502 Gutkowski940,F,GENERAL PRACTICE,40
d7b2a3b8-bf9e-3a0a-9f8e-72dfe25c6835,Molly175 Macejkovic424,F,GENERAL PRACTICE,43
d7c2fc5b-09eb-38ba-b97e-bbc756ea4cd9,Deon400 Schulist381,M,GENERAL PRACTICE,377
d897e254-b8bf-33ee-93a6-6e80cf1ee45d,Marilynn608 Treutel973,F,REGISTERED DIETITIAN OR NUTRITION PROFESSIONAL,0
d8c4b57b-82ed-3db2-9c2e-bca6c8aa155b,Romeo514 Hirthe744,M,GENERAL PRACTICE,71
d92d63b9-798d-3d86-b27d-475d2fe14e13,Theodora872 Corkery305,F,GENERAL PRACTICE,1
d9686d67-b35c-36a2-bb36-c5dfac11582c,Louella862 Armstrong51,F,GENERAL PRACTICE,68
d98ca01c-29b2-3f88-8c13-cea8d4f05310,Estela596 Zamora648,F,GENERAL PRACTICE,107
d9cc2f68-5aa4-364d-8e1c-b0983ebcde42,Berry486 Borer986,M,GENERAL PRACTICE,947
da27694d-7562-3d3d-af18-280e33ccbd7d,Elvie131 Lindgren255,F,GENERAL PRACTICE,2
da3c2ee7-a4dc-38d4-953b-e4d5c7d1353a,Ahmed109 Hoeger474,M,GENERAL PRACTICE,45
dacbe31b-c4e1-366e-9edd-fcf98b6f2959,Teodora360 Kihn564,F,GENERAL PRACTICE,154
db32e259-7bec-3e52-9e5c-8115e8defe55,Orville751 Ernser583,M,GENERAL PRACTICE,44
dbc12335-82e5-355b-b6e1-7731654a87f5,Van763 Franecki195,F,GENERAL PRACTICE,90
dca076c0-2e59-3895-a59e-4f9b79fdce0f,Elias404 Langworth352,M,NURSE PRACTITIONER,0
dcbf504e-79d7-38dc-9d05-ee75a1855e13,Jolyn4 Koelpin146,F,INTERNAL MEDICINE,0
dccc9692-e0b4-3ed2-88bb-7d11e21d66b9,Sona831 O'Keefe54,F,GENERAL PRACTICE,80
dce59dca-cac0-39df-8d3f-cc6613b1b9cb,Roni48 Dare640,F,GENERAL PRACTICE,8
dda15582-6d54-30ce-95ad-6dae15f792bf,Numbers230 Shields502,M,NURSE PRACTITIONER,0
de20eea6-e4fa-31bc-ba62-b4c8601f1706,Ariel183 Nienow652,F,GENERAL PRACTICE,57
df424d14-bfa9-3ccb-9923-244969642a9d,Tarsha65 Hayes766,F,PSYCHIATRY,0
df5e7ada-0d8c-3d76-84d7-6c43348f3a5f,Lisabeth458 Rutherford999,F,FAMILY PRACTICE,0
dfb7608e-c615-3677-9d01-96af94a154d4,Quintin944 Stracke611,M,GENERAL PRACTICE,51
dfe61e1c-d859-3a02-99a9-0415e1b8ffa0,Alaine226 Borer986,F,GENERAL PRACTICE,56
dff9795c-96ab-3568-a01f-f2f981d23796,Forrest301 Schumm995,M,PHYSICIAN ASSISTANT,0
e0307e36-552f-3022-84b2-0506c448445f,Samual455 Will178,M,CLINICAL PSYCHOLOGIST,0
e03b01e8-e917-38d6-921f-9ac3a9ce6db3,Sancho742 Arevalo970,M,GENERAL PRACTICE,87
e06df6a6-e99e-30cf-b45c-57ca3bcc531e,Merlin721 Kirlin939,M,GENERAL PRACTICE,48
e2306337-49bd-3181-a2c7-223604d68a4a,Carey440 Graham902,M,GENERAL PRACTICE,72
e295510e-2823-388a-b3c5-6da40cab2a5d,Devon268 Paucek755,M,NURSE PRACTITIONER,0
e318d51d-6bac-3829-8804-ff8cd22a05e1,Hermine424 Powlowski563,F,NURSE PRACTITIONER,0
e36dd235-0f76-32d1-8de8-889fae5a3775,Evelyn437 Feil794,F,PHYSICIAN ASSISTANT,0
e3cb32bf-6585-38d0-8601-1fce4e75368c,Rob341 Conroy74,M,GENERAL PRACTICE,65
e4575947-d756-3994-9f3c-d42ec5db7933,Isidro558 Collier206,M,GENERAL PRACTICE,69
e480df00-c420-3ce8-9f98-472cc5693b29,Man114 Torp761,M,GENERAL PRACTICE,156
e49ad43e-fabd-3f2a-8c91-c4a21addace6,Vincent299 Jakubowski832,M,GENERAL PRACTICE,15
e4b3ac23-800b-39a9-9e44-2d9871ab852d,Eugene421 Botsford977,F,NEUROLOGY,0
e57d921b-097f-3e3e-944d-390490fcdf02,Geneva168 Bahringer146,F,OPTOMETRY,0
e58e911f-01d9-366e-95e4-b9fd0570df72,Victoria535 Espino352,F,FAMILY PRACTICE,0
e5aae85b-f900-33c8-b14c-44f43d79d0c0,Nichelle912 Towne435,F,NEPHROLOGY,0
e63a324c-1ec9-340e-88e2-b50d513efe9d,Cari853 Bauch723,F,GENERAL PRACTICE,69
e6fe58ef-6bd0-3922-bad0-eea9fde922e2,Grant908 Wolff180,M,DERMATOLOGY,0
e7014b1f-df15-34f7-86d6-610759cdce95,Elane105 Dickens475,F,CHIROPRACTIC,0
e7799cbb-f428-3d64-a4bc-eabf8d163f6b,Chadwick722 Doyle959,M,OPTOMETRY,0
e852eb2a-7dbe-3cda-8fb2-141889400c1e,Jenelle653 Mosciski958,F,GENERAL PRACTICE,1
e99a3159-f8b3-3400-931a-cb5b8fcc1516,Annie941 Satterfield305,F,GENERAL PRACTICE,51
e9c2c8ce-d4dc-3cff-a4d1-367c0ee1c1a1,Arden380 Glover433,M,GENERAL PRACTICE,60
e9cfa934-bf34-3e5f-a46d-43c2f298754f,Eldon28 Harvey63,M,PHYSICIAN ASSISTANT,0
e9f1f622-01d2-31c5-8859-d2a01c836958,Rodney21 Dicki44,M,PHYSICIAN ASSISTANT,0
eb01ba5a-bc27-3324-9da4-fef81b8b97de,Tennille443 Jerde200,F,GENERAL PRACTICE,2
eb13e663-b23d-3aa6-aa39-bafbe80fd193,Myrtis608 Cassin499,F,GENERAL PRACTICE,68
eb85abd3-e99e-3415-95d0-514ac07a648a,Ignacio928 Adame662,M,GENERAL PRACTICE,2
ebaf5a06-2a2b-3cc9-9b8e-a80f4b6ca876,Gaynell126 Leannon79,F,GENERAL PRACTICE,63
ebcb946a-ade9-3483-a4ba-a037b65d24ce,Erma609 Hintz995,F,GENERAL PRACTICE,50
ec2f44fd-9aab-341d-815c-9c67499ef72b,Cristobal567 Schuppe920,M,CHIROPRACTIC,0
ec893336-b88c-3fc6-810f-4f6aef09fb92,Yuette836 Little434,F,GENERAL PRACTICE,319
ecf3515d-5775-35fc-b131-901bfa7d7e2e,Stacy406 Goyette777,F,ENDOCRINOLOGY,0
edb938dd-6f02-3af1-8466-aab820708f90,Nicolette397 Witting912,F,GENERAL PRACTICE,6
edff54ce-8387-3e73-af2e-f012e4d58873,Felton646 Kunde533,M,PHYSICAL THERAPY,0
ee04283d-5541-39b5-aaa3-089d92bff5f9,Amira620 Nienow652,F,GENERAL PRACTICE,382
eed3857c-f491-3514-ba5f-1d5914389419,Theo630 Parker433,F,PSYCHIATRY,0
ef2a42d0-9d1c-3ad8-9779-a2a56ab7f371,Loma263 Funk324,F,GENERAL PRACTICE,494
ef77a72f-e3a5-37c4-b9eb-67dc2b51460d,Dan465 Bergstrom287,M,GENERAL PRACTICE,71
efb287fb-9dee-3fcd-9718-c099f8f483bf,Isabelle619 Leuschke194,F,CHIROPRACTIC,0
f04770cc-9772-374d-bf48-726827383fff,Hoyt490 Lemke654,M,INTERNAL MEDICINE,0
f060bbe7-53ac-31e6-98f5-a2c0970be47d,Larry532 King743,M,DERMATOLOGY,0
f0e3ea08-61b9-3e65-b9dc-4b753a792331,Vivienne78 Prosacco716,F,GENERAL PRACTICE,68
f17357ba-dd1a-393f-a9c4-fb3ed756c4f4,Wilton999 Pollich983,M,GENERAL PRACTICE,198
f21938f7-23fd-357f-a8f8-6f054a6b3826,Blair400 Borer986,M,NURSE PRACTITIONER,0
f21abac1-0cea-3bb2-95d7-8a0a7b979c0b,Kary197 O'Hara248,F,DERMATOLOGY,0
f25c0537-7d36-35fc-a1e2-cddfb6d95b7a,Archie818 Jones311,M,OPTOMETRY,0
f26749fe-33b7-3b06-8195-0f725679c498,Ana María762 Alva958,F,GENERAL PRACTICE,547
f2a0b961-200a-3d2c-b60a-d9e22cfa2bf9,Steve819 Kuphal363,M,PHYSICAL THERAPY,0
f2c556f9-8e1d-3e80-831f-ebcbfab2cabf,Víctor493 Noriega353,M,GENERAL PRACTICE,546
f3458024-eaf1-3049-a1e1-97a6e5689d40,Hortense60 Zieme486,F,GENERAL PRACTICE,245
f3fbad02-9052-3524-a808-d035f1119778,Alejandro916 Prieto999,M,GENERAL PRACTICE,45
f40d8a4a-043e-35ae-8542-d13d4b71f878,José3 Cadena322,M,CLINICAL PSYCHOLOGIST,0
f41c5710-693e-3759-ba1b-a99eebcf64b8,Karlyn611 Nolan344,F,GENERAL PRACTICE,38
f42496ba-d698-366a-8d0a-4e4b4c7a29e7,Martha161 Ledner144,F,GENERAL PRACTICE,28
f491ddc4-3ef1-3753-a6d3-63bf7983c233,Eldridge510 McClure239,M,GENERAL PRACTICE,2
f4cfcc82-4202-3f87-bc95-fdb3f2637da0,Bell723 Ebert178,F,OPTOMETRY,0
f5145a76-0d15-3151-8456-87df7aee183d,Carmine137 Wolff180,M,GENERAL PRACTICE,84
f654e92a-38d7-3d72-bd47-ac7d7e9ac05d,Odell776 Zulauf375,M,GENERAL PRACTICE,76
f6557f30-dff7-3093-801e-6388c6d1c24e,Juan88 Galván169,M,ENDOCRINOLOGY,0
f68b18d5-47fe-3b54-8b91-cc317e413d9a,Patricio639 Rosas160,M,GENERAL PRACTICE,1
f6ad9ba8-7300-346b-ae8e-7cf5d2933531,Carroll471 Bailey598,M,CHIROPRACTIC,0
f73bb12c-10cb-3db5-be85-8d64675fb38c,Orville751 Gislason620,M,INTERNAL MEDICINE,0
f7d2f5bd-4f80-3cbf-a284-255c83c2f9da,Stacy406 Goyette777,F,GENERAL PRACTICE,91
f7e0315d-4c91-3fac-84d2-39c4f60af985,Erlene813 Feest103,F,GENERAL PRACTICE,54
f853fc5f-e3d2-30f1-a6e7-dfe2ff673c78,Forrest301 Schumm995,M,FAMILY PRACTICE,0
f8729ea5-c9c1-3271-b131-e700606cb8f0,Christie481 Herman763,F,GENERAL PRACTICE,33
f8e6ff81-0857-3107-8338-8bb554a5b6b0,Mónica985 Reyes140,F,RHEUMATOLOGY,0
f9d0138b-538c-3936-85d2-c583b0762cb2,Clark193 Barton704,M,NURSE PRACTITIONER,0
fa323352-cb32-3445-806c-47662fdeeb1c,Man114 Gaylord332,F,GENERAL PRACTICE,39
faf9cac6-aa6c-32af-b94c-80c81ce333d5,Londa304 Crona259,F,GENERAL PRACTICE,91
fb4ffc90-9795-3c2b-9efc-16d87fe861d9,Carter549 Stroman228,M,REGISTERED DIETITIAN OR NUTRITION PROFESSIONAL,0
fbce98dd-aeab-385d-864c-de1aee28dafb,Ferdinand55 Skiles927,M,PHYSICAL THERAPY,0
fc3a242c-903b-3a1c-97e5-561dc5e3e8b7,Odell776 Hamill307,F,INTERNAL MEDICINE,0
fc919458-b1e6-320c-9621-53c8a34f97f1,Yuette836 Leannon79,F,GENERAL PRACTICE,1
fcb0ea38-928f-3159-8264-6e8676277bad,Darell496 Kohler843,M,CLINICAL PSYCHOLOGIST,0
fcbccc7d-aa11-345f-a9c4-ef9735c03302,Adrian111 Murazik203,M,GENERAL PRACTICE,120
fce38837-a3e0-36c3-b551-fc4694a86fe1,Ellis535 Hudson301,M,GENERAL PRACTICE,58
fd72e3f9-cc62-3023-adc1-aa5c317ac260,Jarrod316 Crooks415,M,GENERAL PRACTICE,182
fd78a3c7-38b0-34f2-a561-02abd564bd9c,Carter549 Stroman228,M,GENERAL PRACTICE,91
fdaf8308-2914-33a2-a7bd-8680936cf0ce,Arnold338 Cummerata161,M,PHYSICAL THERAPY,0
fe109db8-61b2-38ba-bd68-c81239f69f73,Stacy406 Goyette777,F,PODIATRY,0
fe5421ad-057f-3314-b373-f0bc58b1327c,Bradly656 Koelpin146,M,GENERAL PRACTICE,1
feacc103-dd86-34e0-9aa1-42676cb197e6,Carylon722 Hoeger474,F,GENERAL PRACTICE,22
febfde20-d9ce-3294-a83d-adc89bfd537d,Neville893 Blanda868,M,FAMILY PRACTICE,0
ff4e293e-a6b0-3dd4-9ff2-0085c2b0b97f,Valene773 Beier427,F,GENERAL PRACTICE,101
ff855bc4-172d-3431-88d9-576798f73770,Yon80 Streich926,F,INTERNAL MEDICINE,0
ffb8abc7-d428-36f0-8c29-a0017de0ed8b,Erna640 Wolff180,F,CLINICAL SOCIAL WORKER,0
